>>>>> Question 1:-
mysql> use student;
Database changed
mysql> select * from student;
+-----------+-----------+--------+-------+-----------+---------+
| regno     | name      | gender | DOB   | mobileno  | city    |
+-----------+-----------+--------+-------+-----------+---------+
|  19211182 | yashwanth | male   |  2002 |  89765342 | kurnool |
| 192121014 | charmi    | female | -1984 | 911057892 | vizag   |
|  19211120 | vijaya    | female |  1999 | 944047747 | yanam   |
+-----------+-----------+--------+-------+-----------+---------+
3 rows in set (0.02 sec)
************************************************************************************************************************************************************
mysql> use faculty;
Database changed
mysql> insert into faculty values(27,'dinesh','male',1976,456789321,2000,'ECE');
Query OK, 1 row affected (0.02 sec)

mysql> insert into faculty values(34,'aswini','female',1986,901446473,2002,'IT');
Query OK, 1 row affected (0.01 sec)

mysql> select * from faculty;
+-------+--------+--------+------+-----------+------+------+
| facNo | name   | gender | DOB  | mobileno  | DOJ  | dept |
+-------+--------+--------+------+-----------+------+------+
|    27 | dinesh | male   | 1976 | 456789321 | 2000 | ECE  |
|    34 | aswini | female | 1986 | 901446473 | 2002 | IT   |
+-------+--------+--------+------+-----------+------+------+
2 rows in set (0.00 sec)
************************************************************************************************************************************************************
mysql> use department;
Database changed
mysql> insert into department values(01,'CSE','Sami Nath');
Query OK, 1 row affected (0.02 sec)
mysql> select * from department;
+--------+----------+------------+
| deptNo | deptname | depthead   |
+--------+----------+------------+
|      1 | CSE      | Swami Nath |
+--------+----------+------------+
1 row in set (0.00 sec)
************************************************************************************************************************************************************
mysql> use course;
Database changed
mysql> insert into course values(15,'program','python',04,325,1921);
Query OK, 1 row affected (0.02 sec)

mysql> insert into course values(23,'theory','maths',03,123,1934);
Query OK, 1 row affected (0.01 sec)

mysql> select * from course;
+----------+------------+------------+-------+--------+-------+
| courseNo | coursedesc | coursetype | semno | hallno | facno |
+----------+------------+------------+-------+--------+-------+
|       15 | program    | python     |     4 |    325 |  1921 |
|       23 | theory     | maths      |     3 |    123 |  1934 |
+----------+------------+------------+-------+--------+-------+
2 rows in set (0.00 sec)
______________________________________________________________________________________________________________________________________________________________
>>>>> Question 2:-
mysql> use student;
Database changed

mysql>update student set regno=191711342 where name='yashwanth';
Query OK, 1 row affected(0.00 sec)
mysql> select * from student;
+-----------+-----------+--------+-------+-----------+---------+
| regno     | name      | gender | DOB   | mobileno  | city    |
+-----------+-----------+--------+-------+-----------+---------+
| 191711342 | yashwanth | male   |  2002 |  89765342 | kurnool |
| 192121014 | charmi    | female | -1984 | 911057892 | vizag   |
|  19211120 | vijaya    | female |  1999 | 944047747 | yanam   |
+-----------+-----------+--------+-------+-----------+---------+
3 rows in set (0.00 sec)
----------------------------------------------------------------------------------------------------------------------------------------------------------------
>>>>> Question 3:-
mysql> use faculty;
Database changed
mysql> delete from faculty where name='aswini';
Query OK, 1 row affected (0.01 sec)

mysql> select * from faculty;
+-------+--------+--------+------+-----------+------+------+
| facNo | name   | gender | DOB  | mobileno  | DOJ  | dept |
+-------+--------+--------+------+-----------+------+------+
|    27 | dinesh | male   | 1976 | 456789321 | 2000 | ECE  |
+-------+--------+--------+------+-----------+------+------+
1 row in set (0.00 sec)
---------------------------------------------------------------------------------------------------------------------------------------------------------------
>>>>> Question 4:-
 select *from student;
+-----------+-----------+--------+-------+-----------+---------+
| regno     | name      | gender | DOB   | mobileno  | city    |
+-----------+-----------+--------+-------+-----------+---------+
| 191711342 | yashwanth | male   |  2002 |  89765342 | kurnool |
| 192121014 | charmi    | female | -1984 | 911057892 | vizag   |
|  19211120 | vijaya    | female |  1999 | 944047747 | yanam   |
+-----------+-----------+--------+-------+-----------+---------+
3 rows in set (0.00 sec)
***************************************************************************************************************************************************************
mysql> select * from faculty;
+-------+------+--------+------+-----------+------+------+
| facNo | name | gender | DOB  | mobileno  | DOJ  | dept |
+-------+------+--------+------+-----------+------+------+
|    27 | ram  | male   | 1983 | 456789321 | 2000 | ECE  |
+-------+------+--------+------+-----------+------+------+
**************************************************************************************************************************************************************
mysql> select * from department;
+--------+----------+------------+
| deptNo | deptname | depthead   |
+--------+----------+------------+
|      1 | CSE      | Swami Nath |
+--------+----------+------------+
1 row in set (0.00 sec)
**************************************************************************************************************************************************************
mysql> select * from course;
+----------+------------+------------+-------+--------+-------+
| courseNo | coursedesc | coursetype | semno | hallno | facno |
+----------+------------+------------+-------+--------+-------+
|       15 | program    | python     |     4 |    325 |  1921 |
|       23 | theory     | maths      |     3 |    123 |  1934 |
+----------+------------+------------+-------+--------+-------+
2 rows in set (0.00 sec)
----------------------------------------------------------------------------------------------------------------------------------------------------------------
>>>>> Question 5:-
delete from faculty where facno='2'
